Comment,Designator,Footprint,LCSC,Quantity
0,R44,R_0402_1005Metric,C17168,1
0.1uF,"C1,C106,C125,C128,C130,C132,C133,C20,C26,C30,C31,C32,C33,C37,C40,C42,C43,C44,C45,C49,C50,C60,C61,C77,C78",C_0603_1608Metric,C14663,25
0.1uF,"C100,C101,C102,C103,C104,C105,C107,C108,C109,C110,C111,C112,C115,C116,C117,C118,C119,C121,C122,C126,C129,C131,C46,C47,C55,C56,C57,C58,C59,C62,C63,C64,C65,C66,C67,C68,C69,C70,C71,C72,C79,C80,C81,C82,C85,C86,C87,C88,C89,C91,C92,C93,C94,C95,C96,C97,C98,C99",C_0402_1005Metric,C1525,58
10,R54,R_0603_1608Metric,C22859,1
1000pF 2KV,C137,C_1206_3216Metric,C9196,1
100uF,"C13,C38",C_1206_3216Metric,C7432784,2
105450-0101,USBC2,USB-C-SMD_TYPE-C-USB-18,C134092,1
10k,"R1,R11,R12,R13,R14,R2,R34,R39,R41,R46,R48,R49,R50,R7",R_0603_1608Metric,C25804,14
10nF,"C124,C127,C16,C22,C90",C_0402_1005Metric,C15195,5
10uF,"C11,C12,C19,C2,C23,C25,C3,C36,C5,C6,C7",C_0805_2012Metric,C15850,11
11K0,R5,R_0603_1608Metric,C25950,1
12K 1%,R18,R_0603_1608Metric,C22790,1
12k4,R53,R_0603_1608Metric,C137798,1
16K9,R9,R_0603_1608Metric,C25954,1
16P8WGF510JT4E,"RN1,RN2,RN3,RN4,RN5,RN6",RES-ARRAY-SMD_0402-16P-L4.0-W1.6-BL-1,C422180,6
1M,"R16,R22,R56",R_0603_1608Metric,C22935,3
1k,R19,R_0603_1608Metric,C21190,1
1nF,C10,C_0603_1608Metric,C1588,1
1uF/DFE252012F-1R0M=P2,"L1,L2",L_1008_2520Metric,C435392,2
200,"R3,R4",R_0402_1005Metric,C25087,2
20k,R20,R_0603_1608Metric,C4184,1
22,"R40,R42,R43,R47,R57",R_0603_1608Metric,C23345,5
22nF,C135,C_0603_1608Metric,C21122,1
22uF,"C21,C24,C27",C_0805_2012Metric,C45783,3
240 1%,"R35,R36,R38",R_0603_1608Metric,C23350,3
24MHz,Y1,Crystal_SMD_3225-4Pin_3.2x2.5mm,C5308006,1
25MHz,Y3,Crystal_SMD_3225-4Pin_3.2x2.5mm,C5308007,1
25MHz,Y2,Crystal_SMD_3225-4Pin_3.2x2.5mm,C5742221,1
2k,R8,R_0603_1608Metric,C22975,1
30pF,"C136,C34,C35,C48",C_0603_1608Metric,C1658,4
32k4,"R10,R6",R_0603_1608Metric,C13187,2
4.7uF,"C113,C114,C120,C123,C134,C4,C51,C52,C53,C54,C73,C74,C75,C76,C83,C84",C_0805_2012Metric,C1779,16
4D03WGF499JT5E,RN7,RES-ARRAY-SMD_0603-8P-L3.2-W1.6-BL,C54832,1
4k7,"R21,R23,R24,R26,R27,R28,R29,R32,R33,R37,R51",R_0603_1608Metric,C23162,11
56K 1%,"R30,R31",R_0603_1608Metric,C23206,2
5CGXFC5C6F23I7N,U10,FBGA-484_L23.0-W23.0-R22-C22-P1.00-TL,C1550726,1
70@100MHz,"FB1,FB2,FB3,FB4",L_0805_2012Metric,C85840,4
74.25MHz,U9,OSC-SMD_6P-L3.2-W2.5-BL_RENESAS_XLH3XXXXXXXXXX,C836732,1
75,"R52,R55",R_0603_1608Metric,C4275,2
820,R17,R_0603_1608Metric,C23253,1
8pF,"C39,C41",C_0603_1608Metric,C327316,2
AP2553AW6-7,U13,SOT-26_L3.0-W1.6-P0.95-LS2.8-BL,C441827,1
ASE-50MHz,Y4,Oscillator_SMD_Abracon_ASE-4Pin_3.2x2.5mm,C5203552,1
CA0612KRX7R7BB104,"C14,C15,C17,C18,C28,C29,C8,C9",CAP-ARRAY-SMD_0612-8P-L3.2-W1.6-BL,C576639,8
CDCBT1001DPWR,U18,X2SON-5_L0.8-W0.8-P0.48-BR,C5215096,1
Conn_02x07_Odd_Even,J1,PinHeader_2x07_P2.54mm_Vertical_SMD,C3975152,1
Conn_02x25_Odd_Even,"J5,J6",PinSocket_2x25_P2.54mm_Vertical_SMD,C52611,2
FPGA JTAG,J3,IDC-Header_2x05_P2.54mm_Vertical_SMD,C2884455,1
H1102N,L3,XFMR-SMD_H1102N,C42418465,1
HC-USB3.0-L168-WP,U17,USB-TH_USB3.0-A,C7501850,1
HDMI-101S,VID1,HDMI-SMD_HDMI-101S,C720620,1
LAN9220-ABZJ,U15,QFN-56_L8.0-W8.0-P0.50-BL-EP6.0,C1521597,1
MT41K256M16LY,"U2,U3",FBGA-96_L13.5-W7.5-P0.80-TL_MT41J256M16LY-091G,C253882,2
N25Q/MT25Q,U19,SOIC-8_5.3x6.2mm_P1.27mm,C2802705,1
PCA9546APWR,U16,TSSOP-16_L5.0-W4.4-P0.65-LS6.4-BL,C400705,1
PI6CG33201CZDIEX,U14,TQFN-24_L4.0-W4.0-P0.50-TL-EP2.8,C1236517,1
PMEG - 0.25v drop,D1,D_SOD-323,C7420331,1
Polyfuse 0.2A,F1,R_0603_1608Metric,C207011,1
SN74LVC3G34DCUR,U5,VSSOP-8_L2.1-W2.4-P0.50-LS3.2-BR,C130024,1
TMDS1204IRNQR,U20,WQFN-40_L6.0-W4.0-P0.40-TL-EP4.7,C20345954,1
TPD4E02B04DQA,"U21,U22",USON-10_2.5x1.0mm_P0.5mm,C106794,2
TPD4E6B06DPWR,"D2,D3",X2SON-4_L0.8-W0.8-P0.48-TL-A,C2869397,2
TPS51200DRCR,U1,WSON-10_L3.0-W3.0-P0.50-BL-EP,C34771,1
TPS62903RPJR,"U4,U8",VQFN-HR-9_L2.0-W1.5-P0.50-TL,C2866502,2
TPS7A2025PDBVR,U6,SOT-23-5_L2.9-W1.6-P0.95-LS2.8-BR,C2869949,1
TXB0104RGYR,U7,VQFN-14_L3.5-W3.5-P0.50-BL-EP,C400708,1
TXV0108RGYR,U11,TQFN-24_L5.5-W3.5-P0.50-BR-EP,C22428389,1
TYPE-C-31-M-12,USBC1,USB-C_SMD-TYPE-C-31-M-12_1,C165948,1
USB3300-EZK,U12,QFN-32-1EP_5x5mm_P0.5mm_EP3.45x3.45mm,C108383,1
X05A20L10T,FPC1,FFC-SMD_10P-P0.50_X05A20L10T,C388667,1
