Designator,Val,Package,Mid X,Mid Y,Rotation,Layer
C1,0.1uF,C_0603_1608Metric,31.995,-24.89,180.0,top
C10,1nF,C_0603_1608Metric,31.285,-31.47,180.0,top
C100,0.1uF,C_0402_1005Metric,68.76,-59.05,90.0,bottom
C101,0.1uF,C_0402_1005Metric,70.51,-59.6,180.0,bottom
C102,0.1uF,C_0402_1005Metric,74.32,-60.5,0.0,bottom
C103,0.1uF,C_0402_1005Metric,71.27,-60.59,180.0,bottom
C104,0.1uF,C_0402_1005Metric,68.76,-60.99,90.0,bottom
C105,0.1uF,C_0402_1005Metric,59.88,-62.06,270.0,bottom
C106,0.1uF,C_0603_1608Metric,85.22,-66.465,90.0,bottom
C107,0.1uF,C_0402_1005Metric,62.32,-66.65,0.0,bottom
C108,0.1uF,C_0402_1005Metric,74.76,-67.07,270.0,bottom
C109,0.1uF,C_0402_1005Metric,63.79,-67.1,270.0,bottom
C11,10uF,C_0805_2012Metric,38.69,-31.87,90.0,top
C110,0.1uF,C_0402_1005Metric,69.25,-67.64,0.0,bottom
C111,0.1uF,C_0402_1005Metric,72.78,-69.07,270.0,bottom
C112,0.1uF,C_0402_1005Metric,78.27,-69.17,180.0,bottom
C113,4.7uF,C_0805_2012Metric,84.47,-69.32,0.0,bottom
C114,4.7uF,C_0805_2012Metric,84.02,-71.62,0.0,bottom
C115,0.1uF,C_0402_1005Metric,65.16,-90.08,90.0,bottom
C116,0.1uF,C_0402_1005Metric,66.61,-90.23,0.0,bottom
C117,0.1uF,C_0402_1005Metric,82.94,-91.73,180.0,bottom
C118,0.1uF,C_0402_1005Metric,79.99,-91.77,180.0,bottom
C119,0.1uF,C_0402_1005Metric,77.75,-92.51,270.0,bottom
C12,10uF,C_0805_2012Metric,40.76,-31.88,90.0,top
C120,4.7uF,C_0805_2012Metric,73.58,-92.68,90.0,bottom
C121,0.1uF,C_0402_1005Metric,70.48,-93.37,90.0,bottom
C122,0.1uF,C_0402_1005Metric,65.49,-93.9,90.0,bottom
C123,4.7uF,C_0805_2012Metric,83.14,-94.39,90.0,bottom
C124,10nF,C_0402_1005Metric,78.01,-95.12,90.0,bottom
C125,0.1uF,C_0603_1608Metric,42.135,-96.79,180.0,bottom
C126,0.1uF,C_0402_1005Metric,80.49,-96.82,90.0,bottom
C127,10nF,C_0402_1005Metric,82.495,-96.84,0.0,bottom
C128,0.1uF,C_0603_1608Metric,32.045,-97.02,0.0,bottom
C129,0.1uF,C_0402_1005Metric,78.83,-97.14,0.0,bottom
C13,100uF,C_1206_3216Metric,92.95,-33.595,90.0,top
C130,0.1uF,C_0603_1608Metric,32.045,-98.56,0.0,bottom
C131,0.1uF,C_0402_1005Metric,82.05,-98.61,180.0,bottom
C132,0.1uF,C_0603_1608Metric,41.84,-99.925,90.0,bottom
C133,0.1uF,C_0603_1608Metric,32.065,-100.18,0.0,bottom
C134,4.7uF,C_0805_2012Metric,75.45,-100.66,0.0,bottom
C135,22nF,C_0603_1608Metric,79.42,-101.165,270.0,bottom
C136,30pF,C_0603_1608Metric,85.8,-101.87,270.0,bottom
C137,1000pF 2KV,C_1206_3216Metric,92.21,-103.895,270.0,bottom
C14,CA0612KRX7R7BB104,CAP-ARRAY-SMD_0612-8P-L3.2-W1.6-BL,43.8332,-33.9028,-90.0,top
C15,CA0612KRX7R7BB104,CAP-ARRAY-SMD_0612-8P-L3.2-W1.6-BL,90.16,-34.09,90.0,top
C16,10nF,C_0402_1005Metric,35.66,-36.245,90.0,top
C17,CA0612KRX7R7BB104,CAP-ARRAY-SMD_0612-8P-L3.2-W1.6-BL,43.8332,-37.408,-90.0,top
C18,CA0612KRX7R7BB104,CAP-ARRAY-SMD_0612-8P-L3.2-W1.6-BL,90.16,-38.9,90.0,top
C19,10uF,C_0805_2012Metric,36.54,-39.54,-90.0,top
C2,10uF,C_0805_2012Metric,94.36,-26.04,90.0,top
C20,0.1uF,C_0603_1608Metric,83.05,-41.4,180.0,top
C21,22uF,C_0805_2012Metric,34.9,-42.28,0.0,top
C22,10nF,C_0402_1005Metric,35.61,-45.31,90.0,top
C23,10uF,C_0805_2012Metric,46.94,-45.51,90.0,top
C24,22uF,C_0805_2012Metric,42.94,-47.88,0.0,top
C25,10uF,C_0805_2012Metric,36.52,-48.55,-90.0,top
C26,0.1uF,C_0603_1608Metric,51.49,-49.77,-90.0,top
C27,22uF,C_0805_2012Metric,34.99,-51.25,0.0,top
C28,CA0612KRX7R7BB104,CAP-ARRAY-SMD_0612-8P-L3.2-W1.6-BL,54.3,-53.72,90.0,top
C29,CA0612KRX7R7BB104,CAP-ARRAY-SMD_0612-8P-L3.2-W1.6-BL,54.3,-57.4,90.0,top
C3,10uF,C_0805_2012Metric,91.62,-26.06,90.0,top
C30,0.1uF,C_0603_1608Metric,85.2,-63.385,-90.0,top
C31,0.1uF,C_0603_1608Metric,85.22,-66.465,90.0,top
C32,0.1uF,C_0603_1608Metric,94.37,-68.76,0.0,top
C33,0.1uF,C_0603_1608Metric,90.52,-74.575,-90.0,top
C34,30pF,C_0603_1608Metric,83.0,-75.57,90.0,top
C35,30pF,C_0603_1608Metric,84.54,-75.57,90.0,top
C36,10uF,C_0805_2012Metric,87.09,-77.53,180.0,top
C37,0.1uF,C_0603_1608Metric,89.465,-81.85,0.0,top
C38,100uF,C_1206_3216Metric,89.415,-84.02,0.0,top
C39,8pF,C_0603_1608Metric,71.94,-85.6,180.0,top
C4,4.7uF,C_0805_2012Metric,30.54,-28.15,-90.0,top
C40,0.1uF,C_0603_1608Metric,66.19,-87.7,0.0,top
C41,8pF,C_0603_1608Metric,73.85,-88.395,90.0,top
C42,0.1uF,C_0603_1608Metric,66.205,-89.26,0.0,top
C43,0.1uF,C_0603_1608Metric,62.11,-91.995,-90.0,top
C44,0.1uF,C_0603_1608Metric,63.69,-91.995,-90.0,top
C45,0.1uF,C_0603_1608Metric,33.78,-93.805,-90.0,top
C46,0.1uF,C_0402_1005Metric,71.705,-95.31,0.0,top
C47,0.1uF,C_0402_1005Metric,85.555,-98.855,-90.0,top
C48,30pF,C_0603_1608Metric,80.33,-101.005,90.0,top
C49,0.1uF,C_0603_1608Metric,49.71,-102.555,-90.0,top
C5,10uF,C_0805_2012Metric,37.45,-28.21,-90.0,top
C50,0.1uF,C_0603_1608Metric,51.2,-102.575,-90.0,top
C51,4.7uF,C_0805_2012Metric,74.17,-25.36,180.0,bottom
C52,4.7uF,C_0805_2012Metric,79.8,-25.4,180.0,bottom
C53,4.7uF,C_0805_2012Metric,62.1132,-25.5524,0.0,bottom
C54,4.7uF,C_0805_2012Metric,51.6788,-25.5524,180.0,bottom
C55,0.1uF,C_0402_1005Metric,52.3748,-28.702,90.0,bottom
C56,0.1uF,C_0402_1005Metric,81.26,-28.73,90.0,bottom
C57,0.1uF,C_0402_1005Metric,60.47,-28.81,90.0,bottom
C58,0.1uF,C_0402_1005Metric,73.07,-28.85,90.0,bottom
C59,0.1uF,C_0402_1005Metric,81.29,-31.3,270.0,bottom
C6,10uF,C_0805_2012Metric,39.57,-28.21,-90.0,top
C60,0.1uF,C_0603_1608Metric,56.55,-32.565,270.0,bottom
C61,0.1uF,C_0603_1608Metric,77.12,-32.865,270.0,bottom
C62,0.1uF,C_0402_1005Metric,73.17,-35.28,270.0,bottom
C63,0.1uF,C_0402_1005Metric,57.3,-35.95,270.0,bottom
C64,0.1uF,C_0402_1005Metric,81.29,-36.0,90.0,bottom
C65,0.1uF,C_0402_1005Metric,55.8,-36.67,270.0,bottom
C66,0.1uF,C_0402_1005Metric,73.22,-37.21,270.0,bottom
C67,0.1uF,C_0402_1005Metric,52.4,-37.33,90.0,bottom
C68,0.1uF,C_0402_1005Metric,57.3,-38.16,90.0,bottom
C69,0.1uF,C_0402_1005Metric,52.3748,-39.6748,270.0,bottom
C7,10uF,C_0805_2012Metric,41.69,-28.21,-90.0,top
C70,0.1uF,C_0402_1005Metric,81.31,-40.09,90.0,bottom
C71,0.1uF,C_0402_1005Metric,74.48,-41.36,0.0,bottom
C72,0.1uF,C_0402_1005Metric,58.9918,-41.402,0.0,bottom
C73,4.7uF,C_0805_2012Metric,51.6636,-42.3164,180.0,bottom
C74,4.7uF,C_0805_2012Metric,58.0492,-44.9072,0.0,bottom
C75,4.7uF,C_0805_2012Metric,80.99,-46.09,180.0,bottom
C76,4.7uF,C_0805_2012Metric,74.58,-46.11,0.0,bottom
C77,0.1uF,C_0603_1608Metric,83.97,-46.875,270.0,bottom
C78,0.1uF,C_0603_1608Metric,85.52,-46.885,270.0,bottom
C79,0.1uF,C_0402_1005Metric,77.01,-49.41,180.0,bottom
C8,CA0612KRX7R7BB104,CAP-ARRAY-SMD_0612-8P-L3.2-W1.6-BL,43.8404,-30.3808,-90.0,top
C80,0.1uF,C_0402_1005Metric,65.24,-49.59,180.0,bottom
C81,0.1uF,C_0402_1005Metric,55.73,-49.71,0.0,bottom
C82,0.1uF,C_0402_1005Metric,69.78,-49.97,180.0,bottom
C83,4.7uF,C_0805_2012Metric,49.7,-50.72,90.0,bottom
C84,4.7uF,C_0805_2012Metric,47.7,-50.73,90.0,bottom
C85,0.1uF,C_0402_1005Metric,73.2,-51.03,135.0,bottom
C86,0.1uF,C_0402_1005Metric,66.6,-51.12,270.0,bottom
C87,0.1uF,C_0402_1005Metric,55.66,-51.25,0.0,bottom
C88,0.1uF,C_0402_1005Metric,74.669411,-51.489411,45.0,bottom
C89,0.1uF,C_0402_1005Metric,70.420589,-51.909411,315.0,bottom
C9,CA0612KRX7R7BB104,CAP-ARRAY-SMD_0612-8P-L3.2-W1.6-BL,90.16,-30.55,90.0,top
C90,10nF,C_0402_1005Metric,84.05,-52.6,0.0,bottom
C91,0.1uF,C_0402_1005Metric,64.27,-52.72,0.0,bottom
C92,0.1uF,C_0402_1005Metric,75.74,-52.98,180.0,bottom
C93,0.1uF,C_0402_1005Metric,59.73,-54.97,0.0,bottom
C94,0.1uF,C_0402_1005Metric,75.7,-55.07,90.0,bottom
C95,0.1uF,C_0402_1005Metric,64.78,-55.07,180.0,bottom
C96,0.1uF,C_0402_1005Metric,59.72,-57.1,90.0,bottom
C97,0.1uF,C_0402_1005Metric,75.24,-57.63,180.0,bottom
C98,0.1uF,C_0402_1005Metric,70.29,-57.63,0.0,bottom
C99,0.1uF,C_0402_1005Metric,66.87,-58.95,90.0,bottom
D1,PMEG - 0.25v drop,D_SOD-323,44.09,-107.41,0.0,top
D2,TPD4E6B06DPWR,X2SON-4_L0.8-W0.8-P0.48-TL-A,40.099974,-103.830012,0.0,bottom
D3,TPD4E6B06DPWR,X2SON-4_L0.8-W0.8-P0.48-TL-A,77.660025,-107.279987,180.0,bottom
F1,Polyfuse 0.2A,R_0603_1608Metric,43.855,-109.18,0.0,top
FB1,70@100MHz,L_0805_2012Metric,49.72,-50.7075,-90.0,top
FB2,70@100MHz,L_0805_2012Metric,47.94,-50.76,-90.0,top
FB3,70@100MHz,L_0805_2012Metric,73.41,-92.69,-90.0,top
FB4,70@100MHz,L_0805_2012Metric,77.39,-98.79,180.0,bottom
FPC1,X05A20L10T,FFC-SMD_10P-P0.50_X05A20L10T,91.69,-108.61,0.0,top
J1,Conn_02x07_Odd_Even,PinHeader_2x07_P2.54mm_Vertical_SMD,92.88,-51.1,0.0,top
J3,FPGA JTAG,IDC-Header_2x05_P2.54mm_Vertical_SMD,45.28,-68.92,180.0,top
J5,Conn_02x25_Odd_Even,PinSocket_2x25_P2.54mm_Vertical_SMD,93.0,-60.0,0.0,bottom
J6,Conn_02x25_Odd_Even,PinSocket_2x25_P2.54mm_Vertical_SMD,40.0,-60.0,0.0,bottom
L1,1uF/DFE252012F-1R0M=P2,L_1008_2520Metric,31.72,-39.775,90.0,top
L2,1uF/DFE252012F-1R0M=P2,L_1008_2520Metric,31.63,-48.76,90.0,top
L3,H1102N,XFMR-SMD_H1102N,91.73,-99.505,-90.0,top
R1,10k,R_0603_1608Metric,34.41,-29.97,180.0,top
R10,32k4,R_0603_1608Metric,37.14,-45.305,90.0,top
R11,10k,R_0603_1608Metric,31.755,-46.05,0.0,top
R12,10k,R_0603_1608Metric,50.03,-54.45,0.0,top
R13,10k,R_0603_1608Metric,31.44,-64.515,90.0,top
R14,10k,R_0603_1608Metric,31.44,-69.765,90.0,top
R16,1M,R_0603_1608Metric,83.96,-73.3,0.0,top
R17,820,R_0603_1608Metric,89.01,-74.545,-90.0,top
R18,12K 1%,R_0603_1608Metric,86.57,-74.635,-90.0,top
R19,1k,R_0603_1608Metric,31.44,-74.725,-90.0,top
R2,10k,R_0603_1608Metric,34.435,-31.51,180.0,top
R20,20k,R_0603_1608Metric,92.76,-76.04,0.0,top
R21,4k7,R_0603_1608Metric,31.36,-81.75,180.0,top
R22,1M,R_0603_1608Metric,72.11,-84.06,0.0,top
R23,4k7,R_0603_1608Metric,31.36,-84.26,180.0,top
R24,4k7,R_0603_1608Metric,33.325,-91.24,0.0,top
R26,4k7,R_0603_1608Metric,46.585,-95.13,0.0,top
R27,4k7,R_0603_1608Metric,74.92,-97.42,-90.0,top
R28,4k7,R_0603_1608Metric,44.315,-97.78,0.0,top
R29,4k7,R_0603_1608Metric,75.775,-100.27,180.0,top
R3,200,R_0402_1005Metric,82.76,-34.255,90.0,top
R30,56K 1%,R_0603_1608Metric,76.21,-102.695,90.0,top
R31,56K 1%,R_0603_1608Metric,74.74,-102.715,90.0,top
R32,4k7,R_0603_1608Metric,43.91,-103.64,180.0,top
R33,4k7,R_0603_1608Metric,43.89,-105.2,180.0,top
R34,10k,R_0603_1608Metric,67.47,-25.81,0.0,bottom
R35,240 1%,R_0603_1608Metric,72.67,-31.62,90.0,bottom
R36,240 1%,R_0603_1608Metric,51.77,-31.725,90.0,bottom
R37,4k7,R_0603_1608Metric,51.68,-34.76,270.0,bottom
R38,240 1%,R_0603_1608Metric,74.595,-44.13,0.0,bottom
R39,10k,R_0603_1608Metric,58.57,-47.71,180.0,bottom
R4,200,R_0402_1005Metric,50.2,-34.765,90.0,top
R40,22,R_0603_1608Metric,82.345,-51.04,0.0,bottom
R41,10k,R_0603_1608Metric,64.32,-57.01,45.0,bottom
R42,22,R_0603_1608Metric,83.96,-58.36,270.0,bottom
R43,22,R_0603_1608Metric,85.45,-58.37,270.0,bottom
R44,0,R_0402_1005Metric,62.66,-58.73,135.0,bottom
R46,10k,R_0603_1608Metric,52.095,-68.51,180.0,bottom
R47,22,R_0603_1608Metric,56.51,-72.675,270.0,bottom
R48,10k,R_0603_1608Metric,50.745,-80.01,180.0,bottom
R49,10k,R_0603_1608Metric,84.92,-80.055,90.0,bottom
R5,11K0,R_0603_1608Metric,34.15,-36.235,90.0,top
R50,10k,R_0603_1608Metric,50.695,-82.08,180.0,bottom
R51,4k7,R_0603_1608Metric,42.38,-94.295,90.0,bottom
R52,75,R_0603_1608Metric,95.77,-98.11,270.0,bottom
R53,12k4,R_0603_1608Metric,80.95,-101.125,90.0,bottom
R54,10,R_0603_1608Metric,77.91,-101.1625,270.0,bottom
R55,75,R_0603_1608Metric,95.76,-101.355,90.0,bottom
R56,1M,R_0603_1608Metric,83.255,-101.5,0.0,bottom
R57,22,R_0603_1608Metric,45.48,-46.55,270.0,bottom
R6,32k4,R_0603_1608Metric,37.17,-36.245,90.0,top
R7,10k,R_0603_1608Metric,31.845,-36.96,0.0,top
R8,2k,R_0603_1608Metric,52.805,-45.03,180.0,top
R9,16K9,R_0603_1608Metric,34.06,-45.3,90.0,top
RN1,16P8WGF510JT4E,RES-ARRAY-SMD_0402-16P-L4.0-W1.6-BL-1,47.4108,-29.5936,90.0,top
RN2,16P8WGF510JT4E,RES-ARRAY-SMD_0402-16P-L4.0-W1.6-BL-1,86.5004,-29.7968,-90.0,top
RN3,16P8WGF510JT4E,RES-ARRAY-SMD_0402-16P-L4.0-W1.6-BL-1,47.4108,-34.3768,90.0,top
RN4,16P8WGF510JT4E,RES-ARRAY-SMD_0402-16P-L4.0-W1.6-BL-1,86.5004,-34.5612,-90.0,top
RN5,16P8WGF510JT4E,RES-ARRAY-SMD_0402-16P-L4.0-W1.6-BL-1,47.4108,-39.144,90.0,top
RN6,16P8WGF510JT4E,RES-ARRAY-SMD_0402-16P-L4.0-W1.6-BL-1,86.5004,-39.3364,-90.0,top
RN7,4D03WGF499JT5E,RES-ARRAY-SMD_0603-8P-L3.2-W1.6-BL,91.28,-99.09,90.0,bottom
U1,TPS51200DRCR,WSON-10_L3.0-W3.0-P0.50-BL-EP,34.25,-27.360101,90.0,top
U10,5CGXFC5C6F23I7N,FBGA-484_L23.0-W23.0-R22-C22-P1.00-TL,68.27,-59.09,0.0,top
U11,TXV0108RGYR,TQFN-24_L5.5-W3.5-P0.50-BR-EP,89.04,-63.84,-90.0,top
U12,USB3300-EZK,QFN-32-1EP_5x5mm_P0.5mm_EP3.45x3.45mm,89.3,-69.7625,90.0,top
U13,AP2553AW6-7,SOT-26_L3.0-W1.6-P0.95-LS2.8-BL,90.31,-79.055,0.0,top
U14,PI6CG33201CZDIEX,TQFN-24_L4.0-W4.0-P0.50-TL-EP2.8,67.62,-93.02,-90.0,top
U15,LAN9220-ABZJ,QFN-56_L8.0-W8.0-P0.50-BL-EP6.0,80.76,-94.28,90.0,top
U16,PCA9546APWR,TSSOP-16_L5.0-W4.4-P0.65-LS6.4-BL,37.2949,-96.3242,270.0,top
U17,HC-USB3.0-L168-WP,USB-TH_USB3.0-A,65.16,-99.805,0.0,top
U18,CDCBT1001DPWR,X2SON-5_L0.8-W0.8-P0.48-BR,84.709784,-50.86,180.0,bottom
U19,N25Q/MT25Q,SOIC-8_5.3x6.2mm_P1.27mm,52.145,-73.96,180.0,bottom
U2,MT41K256M16LY,FBGA-96_L13.5-W7.5-P0.80-TL_MT41J256M16LY-091G,56.58,-34.4,180.0,top
U20,TMDS1204IRNQR,WQFN-40_L6.0-W4.0-P0.40-TL-EP4.7,37.48,-99.12,180.0,bottom
U21,TPD4E02B04DQA,USON-10_2.5x1.0mm_P0.5mm,34.51,-103.221578,0.0,bottom
U22,TPD4E02B04DQA,USON-10_2.5x1.0mm_P0.5mm,37.57,-103.235,0.0,bottom
U3,MT41K256M16LY,FBGA-96_L13.5-W7.5-P0.80-TL_MT41J256M16LY-091G,77.23,-34.4,180.0,top
U4,TPS62903RPJR,VQFN-HR-9_L2.0-W1.5-P0.50-TL,34.26995,-39.0749,0.0,top
U5,SN74LVC3G34DCUR,VSSOP-8_L2.1-W2.4-P0.50-LS3.2-BR,84.85,-43.18,0.0,top
U6,TPS7A2025PDBVR,SOT-23-5_L2.9-W1.6-P0.95-LS2.8-BR,43.16,-44.92,270.0,top
U7,TXB0104RGYR,VQFN-14_L3.5-W3.5-P0.50-BL-EP,85.03,-47.09,-90.0,top
U8,TPS62903RPJR,VQFN-HR-9_L2.0-W1.5-P0.50-TL,34.25995,-48.1149,0.0,top
U9,74.25MHz,OSC-SMD_6P-L3.2-W2.5-BL_RENESAS_XLH3XXXXXXXXXX,54.31,-49.7,-90.0,top
USBC1,TYPE-C-31-M-12,USB-C_SMD-TYPE-C-31-M-12_1,78.05,-107.839956,0.0,top
USBC2,105450-0101,USB-C-SMD_TYPE-C-USB-18,50.7,-108.500088,0.0,top
VID1,HDMI-101S,HDMI-SMD_HDMI-101S,37.17,-108.4875,0.0,top
Y1,24MHz,Crystal_SMD_3225-4Pin_3.2x2.5mm,83.92,-70.37,90.0,top
Y2,25MHz,Crystal_SMD_3225-4Pin_3.2x2.5mm,70.91,-88.37,180.0,top
Y3,25MHz,Crystal_SMD_3225-4Pin_3.2x2.5mm,83.25,-101.5,90.0,top
Y4,ASE-50MHz,Oscillator_SMD_Abracon_ASE-4Pin_3.2x2.5mm,83.85,-55.075,180.0,bottom
